{"cameraMode":{"drawMode":0,"name":"Shaded","section":"Shading Mode"},"sceneLighting":true,"audioPlay":false,"sceneViewState":{"m_AlwaysRefresh":false,"showFog":true,"showSkybox":true,"showFlares":true,"showImageEffects":true,"showParticleSystems":true,"showVisualEffectGraphs":true,"m_FxEnabled":true},"in2DMode":false,"pivot":{"x":-4.730562686920166,"y":9.573781967163086,"z":-8.49618911743164},"rotation":{"x":0.00006207211845321581,"y":0.9785895943641663,"z":-0.20582835376262666,"w":0.0002944248844869435},"size":19.12726593017578,"orthographic":false}