{"cameraMode":{"drawMode":0,"name":"Shaded","section":"Shading Mode"},"sceneLighting":true,"audioPlay":false,"sceneViewState":{"m_AlwaysRefresh":false,"showFog":true,"showSkybox":true,"showFlares":true,"showImageEffects":true,"showParticleSystems":true,"showVisualEffectGraphs":true,"m_FxEnabled":true},"in2DMode":false,"pivot":{"x":4.526341438293457,"y":-1.9944522380828858,"z":-6.1204071044921879},"rotation":{"x":0.4303585886955261,"y":-0.005416082218289375,"z":0.002582171466201544,"w":0.902638852596283},"size":19.39026641845703,"orthographic":true}