{"cameraMode":{"drawMode":0,"name":"Shaded","section":"Shading Mode"},"sceneLighting":true,"audioPlay":false,"sceneViewState":{"m_AlwaysRefresh":false,"showFog":true,"showSkybox":true,"showFlares":true,"showImageEffects":true,"showParticleSystems":true,"showVisualEffectGraphs":true,"m_FxEnabled":true},"in2DMode":false,"pivot":{"x":-16.700193405151368,"y":-10.200481414794922,"z":-1.4977760314941407},"rotation":{"x":0.49751710891723635,"y":-0.015363309532403946,"z":0.008766095153987408,"w":0.8672974705696106},"size":22.499887466430665,"orthographic":false}