{"cameraMode":{"drawMode":0,"name":"Shaded","section":"Shading Mode"},"sceneLighting":true,"audioPlay":false,"sceneViewState":{"m_AlwaysRefresh":false,"showFog":true,"showSkybox":true,"showFlares":true,"showImageEffects":true,"showParticleSystems":true,"showVisualEffectGraphs":true,"m_FxEnabled":true},"in2DMode":false,"pivot":{"x":-10.323020935058594,"y":-3.368293285369873,"z":-2.4223804473876955},"rotation":{"x":0.6855562329292297,"y":-0.04531991481781006,"z":0.042835336178541186,"w":0.7253531217575073},"size":28.31264877319336,"orthographic":true}